OP,SRC,DEST
C,/CivHtml/11201A25.gif,/CivHtml11-201a25.gif
C,/EB/01_a.jpg,/Common/01_a.jpg
C,/EB/01_b.jpg,/Common/01_b.jpg
C,/EB/02_a.jpg,/Common/02_a.jpg
C,/EB/02_b.jpg,/Common/02_b.jpg
C,/EB/02_body.jpg,/Common/02_body.jpg
C,/EB/03_a.jpg,/Common/03_a.jpg
C,/EB/03_b.jpg,/Common/03_b.jpg
C,/EB/04.jpg,/Common/04.jpg
C,/EB/04_a.jpg,/Common/04_a.jpg
C,/EB/04_b.jpg,/Common/04_b.jpg
C,/EB/04_grey.jpg,/Common/04_grey.jpg
C,/EB/05_a.jpg,/Common/05_a.jpg
C,/EB/05_b.jpg,/Common/05_b.jpg
C,/EB/05_grey.jpg,/Common/05_grey.jpg
C,/EB/06_a.jpg,/Common/06_a.jpg
C,/EB/06_b.jpg,/Common/06_b.jpg
C,/EB/06_body.jpg,/Common/06_body.jpg
C,/EB/06_grey.jpg,/Common/06_grey.jpg
C,/EB/07_a.jpg,/Common/07_a.jpg
C,/EB/07_grey.jpg,/Common/07_grey.jpg
C,/EB/08_a.jpg,/Common/08_a.jpg
C,/EB/08_grey.jpg,/Common/08_grey.jpg
C,/EB/09_a.jpg,/Common/09_a.jpg
C,/EB/09_grey.jpg,/Common/09_grey.jpg
R,/CHtml/1.gif,/Common/1.png
R,/Civ34BHtml/1.gif,/Common/1.png
R,/Civ34Html/1.gif,/Common/1.png
R,/Civ37Html/1.gif,/Common/1.png
R,/Civ38Html/1.gif,/Common/1.png
R,/CivHtml/1.gif,/Common/1.png
R,/CLHtml/1.gif,/Common/1.png
C,/Civ41Html/1.png,/Common/1.png
C,/EB/10_a.jpg,/Common/10_a.jpg
C,/EB/10_grey.jpg,/Common/10_grey.jpg
C,/EB/11_a.jpg,/Common/11_a.jpg
C,/EB/11_grey.jpg,/Common/11_grey.jpg
C,/EB/12_a.jpg,/Common/12_a.jpg
C,/EB/12_grey.jpg,/Common/12_grey.jpg
C,/EB/13_a.jpg,/Common/13_a.jpg
C,/EB/13_grey.jpg,/Common/13_grey.jpg
C,/EB/14_a.jpg,/Common/14_a.jpg
C,/EB/14_grey.jpg,/Common/14_grey.jpg
C,/CLHtml/15.gif,/Common/15.gif
C,/EB/15_a.jpg,/Common/15_a.jpg
C,/EB/15_grey.jpg,/Common/15_grey.jpg
R,/CHtml/2.gif,/Common/2.png
R,/Civ34BHtml/2.gif,/Common/2.png
R,/Civ34Html/2.gif,/Common/2.png
R,/Civ37Html/2.gif,/Common/2.png
R,/Civ38Html/2.gif,/Common/2.png
R,/CivHtml/2.gif,/Common/2.png
R,/CLHtml/2.gif,/Common/2.png
C,/Civ41Html/2.png,/Common/2.png
C,/EB/4_grey.jpg,/Common/4_grey.jpg
C,/CHtml/a1.gif,/Common/a1.gif
C,/CHtml/a10.gif,/Common/a10.gif
C,/CHtml/a11.gif,/Common/a11.gif
C,/CHtml/a12.gif,/Common/a12.gif
C,/CHtml/a13.gif,/Common/a13.gif
C,/CHtml/a14.gif,/Common/a14.gif
C,/CHtml/a15.gif,/Common/a15.gif
C,/CHtml/a16.gif,/Common/a16.gif
C,/CHtml/a17.gif,/Common/a17.gif
C,/CHtml/a18.gif,/Common/a18.gif
C,/CHtml/a19.gif,/Common/a19.gif
C,/CHtml/a2.gif,/Common/a2.gif
C,/CHtml/a3.gif,/Common/a3.gif
C,/CHtml/a4.gif,/Common/a4.gif
C,/CHtml/a5.gif,/Common/a5.gif
C,/CHtml/a6.gif,/Common/a6.gif
C,/CHtml/a7.gif,/Common/a7.gif
C,/CHtml/a8.gif,/Common/a8.gif
C,/CHtml/a9.gif,/Common/a9.gif
C,/CHtml/acc2s.gif,/Common/acc2s.gif
C,/CHtml/acc2v.gif,/Common/acc2v.gif
C,/CHtml/acc6s.gif,/Common/acc6s.gif
C,/CHtml/acc6v.gif,/Common/acc6v.gif
C,/CHtml/Action.gif,/Common/Action.gif
C,/CHtml/arr3.gif,/Common/arr3.gif
C,/CHtml/arrow.gif,/Common/arrow.gif
C,/CivHtml/ARROW1.gif,/Common/ARROW1.gif
C,/CivHtml/ARROW2.gif,/Common/ARROW2.gif
C,/CHtml/Atf.gif,/Common/Atf.gif
C,/Civ41Html/b_nextpage.png,/Common/b_nextpage_Civ41.png
C,/images/b_nextpage.png,/Common/b_nextpage.png
C,/Civ41Html/b_nextpage_x.png,/Common/b_nextpage_x_Civ41.png
C,/images/b_nextpage_x.png,/Common/b_nextpage_x.png
C,/Civ41Html/b_prevpage.png,/Common/b_prevpage_Civ41.png
C,/images/b_prevpage.png,/Common/b_prevpage.png
C,/Civ41Html/b_prevpage_x.png,/Common/b_prevpage_x_Civ41.png
C,/images/b_prevpage_x.png,/Common/b_prevpage_x.png
C,/Civ41Html/back.gif,/Common/back.gif
C,/Civ41Html/back.png,/Common/back.png
C,/Civ41Html/black_button.png,/Common/black_button.png
C,/CHtml/Blank.gif,/Common/Blank.gif
R,/CBHtml/book.gif,/Common/book.png
R,/CHtml/book.gif,/Common/book.png
R,/Civ34BHtml/book.gif,/Common/book.png
R,/Civ34Html/book.gif,/Common/book.png
R,/Civ37Html/book.gif,/Common/book.png
R,/Civ38Html/book.gif,/Common/book.png
R,/CivBHtml/book.gif,/Common/book.png
R,/CivHtml/book.gif,/Common/book.png
R,/CLHtml/book.gif,/Common/book.png
C,/Civ41Html/book.png,/Common/book.png
C,/CHtml/Brake.gif,/Common/Brake.gif
C,/CHtml/Button.gif,/Common/Button.gif
C,/EB/button9x.jpg,/Common/button9x.jpg
C,/CHtml/Caution.gif,/Common/Caution.gif
C,/CHtml/cautionl.gif,/Common/cautionl.gif
R,/CHtml/cir1.gif,/Common/CIR1.png
R,/Civ34BHtml/CIR1.gif,/Common/CIR1.png
R,/Civ34Html/CIR1.gif,/Common/CIR1.png
R,/Civ37Html/CIR1.gif,/Common/CIR1.png
R,/Civ38Html/CIR1.gif,/Common/CIR1.png
R,/CivHtml/CIR1.gif,/Common/CIR1.png
R,/CLHtml/Cir1.gif,/Common/CIR1.png
C,/Civ41Html/CIR1.png,/Common/CIR1.png
C,/CHtml/cir3.gif,/Common/cir3_C.gif
C,/Civ37Html/CIR3.gif,/Common/CIR3_Civ37.gif
C,/Civ38Html/CIR3.gif,/Common/CIR3_Civ38.gif
C,/CivHtml/CIR3.gif,/Common/CIR3_Civ.gif
C,/civic_3d_cars.jpg,/Common/civic_3d_cars.jpg
C,/civic_cars.jpg,/Common/civic_cars.jpg
C,/Civ41Html/contts.png,/Common/contts_Civ41.png
C,/images/contts.png,/Common/contts.png
C,/images/contts_x.png,/Common/contts_x.png
C,/EB/Copy of grey_button.jpg,/Common/Copy of grey_button.jpg
R,/CHtml/D.gif,/Common/D.png
R,/Civ34BHtml/D.gif,/Common/D.png
R,/Civ34Html/D.gif,/Common/D.png
R,/Civ37Html/D.gif,/Common/D.png
R,/Civ38Html/D.gif,/Common/D.png
R,/CivHtml/D.gif,/Common/D.png
R,/CLHtml/D.gif,/Common/D.png
C,/Civ41Html/D.png,/Common/D.png
R,/CHtml/D3.gif,/Common/D3.png
R,/Civ34BHtml/D3.gif,/Common/D3.png
R,/Civ34Html/D3.gif,/Common/D3.png
R,/Civ37Html/D3.gif,/Common/D3.png
R,/Civ38Html/D3.gif,/Common/D3.png
R,/CivHtml/D3.gif,/Common/D3.png
R,/CLHtml/D3.gif,/Common/D3.png
C,/Civ41Html/D3.png,/Common/D3.png
R,/CHtml/D4.gif,/Common/D4.png
R,/Civ34BHtml/D4.gif,/Common/D4.png
R,/Civ34Html/D4.gif,/Common/D4.png
R,/Civ37Html/D4.gif,/Common/D4.png
R,/Civ38Html/D4.gif,/Common/D4.png
R,/CivHtml/D4.gif,/Common/D4.png
R,/CLHtml/D4.gif,/Common/D4.png
C,/Civ41Html/D4.png,/Common/D4.png
C,/CHtml/Danger.gif,/Common/Danger.gif
C,/CHtml/decision.gif,/Common/decision.gif
R,/CHtml/EMDASH.gif,/Common/EMDASH.png
R,/Civ34BHtml/EMDASH.gif,/Common/EMDASH.png
R,/Civ34Html/EMDASH.gif,/Common/EMDASH.png
R,/Civ37Html/EMDASH.gif,/Common/EMDASH.png
R,/Civ38Html/EMDASH.gif,/Common/EMDASH.png
R,/Civ41Html/EMDASH.gif,/Common/EMDASH.png
R,/CivHtml/EMDASH.gif,/Common/EMDASH.png
R,/CLHtml/EMDASH.gif,/Common/EMDASH.png
C,/Civ41Html/EMDASH.png,/Common/EMDASH.png
C,/CHtml/engine1.gif,/Common/engine1.gif
C,/CHtml/engine10.gif,/Common/engine10.gif
C,/CHtml/engine11.gif,/Common/engine11.gif
C,/CHtml/engine12.gif,/Common/engine12.gif
C,/CHtml/engine13.gif,/Common/engine13.gif
C,/CHtml/engine14.gif,/Common/engine14.gif
C,/CHtml/engine15.gif,/Common/engine15.gif
C,/CHtml/engine17.gif,/Common/engine17.gif
C,/CHtml/engine19.gif,/Common/engine19.gif
C,/CHtml/engine20.gif,/Common/engine20.gif
C,/CHtml/engine21.gif,/Common/engine21.gif
C,/CHtml/engine23.gif,/Common/engine23.gif
C,/CHtml/engine3.gif,/Common/engine3.gif
C,/CHtml/engine4.gif,/Common/engine4.gif
C,/CHtml/engine41.gif,/Common/engine41.gif
C,/CHtml/engine55.gif,/Common/engine55.gif
C,/CHtml/engine6.gif,/Common/engine6.gif
C,/CHtml/engine63.gif,/Common/engine63.gif
C,/CHtml/engine65.gif,/Common/engine65.gif
C,/CHtml/engine7.gif,/Common/engine7.gif
C,/CHtml/engine8.gif,/Common/engine8.gif
C,/CHtml/engine9.gif,/Common/engine9.gif
R,/CBHtml/excl.gif,/Common/excl.png
R,/CHtml/excl.gif,/Common/excl.png
R,/Civ34BHtml/excl.gif,/Common/excl.png
R,/Civ34Html/excl.gif,/Common/excl.png
R,/Civ37Html/excl.gif,/Common/excl.png
R,/Civ38Html/excl.gif,/Common/excl.png
R,/CivBHtml/excl.gif,/Common/excl.png
R,/CivHtml/excl.gif,/Common/excl.png
R,/CLHtml/excl.gif,/Common/excl.png
C,/Civ41Html/excl.png,/Common/excl.png
C,/Civ41Html/exit.png,/Common/exit_Civ41.png
C,/images/exit.png,/Common/exit.png
C,/EB/f245.jpg,/Common/f245.jpg
C,/EB/f245b.jpg,/Common/f245b.jpg
C,/Civ41Html/finger.png,/Common/finger_Civ41.png
C,/images/finger.png,/Common/finger.png
C,/Civ41Html/forward.png,/Common/forward.png
C,/Civ41Html/front_button.png,/Common/front_button.png
C,/EB/front1.jpg,/Common/front1.jpg
C,/EB/front10.jpg,/Common/front10.jpg
C,/EB/front11.jpg,/Common/front11.jpg
C,/EB/front12.jpg,/Common/front12.jpg
C,/EB/front13.jpg,/Common/front13.jpg
C,/EB/front2.jpg,/Common/front2.jpg
C,/EB/front3.jpg,/Common/front3.jpg
C,/EB/front4.jpg,/Common/front4.jpg
C,/EB/front5.jpg,/Common/front5.jpg
C,/EB/front6.jpg,/Common/front6.jpg
C,/EB/front7.jpg,/Common/front7.jpg
C,/EB/front8.jpg,/Common/front8.jpg
C,/EB/front9.jpg,/Common/front9.jpg
C,/EB/frontx.jpg,/Common/frontx.jpg
R,/CHtml/grease.gif,/Common/grease.png
R,/Civ34BHtml/Grease.gif,/Common/grease.png
R,/Civ34Html/Grease.gif,/Common/grease.png
R,/CivHtml/Grease.gif,/Common/grease.png
C,/Civ41Html/Grease.png,/Common/grease.png
R,/CHtml/greasew.gif,/Common/greasew.png
R,/Civ34BHtml/greasew.gif,/Common/greasew.png
R,/Civ34Html/greasew.gif,/Common/greasew.png
R,/CivHtml/GREASEW.gif,/Common/greasew.png
C,/Civ41Html/greasew.png,/Common/greasew.png
R,/EB/grey_button.jpg,/Common/grey_button.png
R,/grey_button.jpg,/Common/grey_button.png
C,/Civ41Html/grey_button.png,/Common/grey_button.png
C,/CHtml/hazard1.gif,/Common/hazard1.gif
C,/Honda_logo.jpg,/Common/Honda_logo.jpg
C,/Honda_logo1.jpg,/Common/Honda_logo1.jpg
C,/Civ41Html/indx.png,/Common/indx_Civ41.png
C,/images/indx.png,/Common/indx.png
C,/images/indx_x.png,/Common/indx_x.png
C,/CHtml/installe.gif,/Common/installe.gif
C,/EB/intro.jpg,/Common/intro.jpg
R,/CHtml/L.gif,/Common/L.png
R,/Civ34BHtml/L.gif,/Common/L.png
R,/Civ34Html/L.gif,/Common/L.png
R,/Civ37Html/L.gif,/Common/L.png
R,/Civ38Html/L.gif,/Common/L.png
R,/CivHtml/L.gif,/Common/L.png
R,/CLHtml/L.gif,/Common/L.png
C,/Civ41Html/L.png,/Common/L.png
C,/CHtml/L1.gif,/Common/L1.gif
C,/CHtml/l2.gif,/Common/l2.gif
C,/Civ41Html/lastview.png,/Common/lastview_Civ41.png
C,/images/lastview.png,/Common/lastview.png
R,/CBHtml/line1.gif,/Common/line1.png
R,/CHtml/line1.gif,/Common/line1.png
R,/Civ34BHtml/LINE1.gif,/Common/line1.png
R,/Civ34Html/LINE1.gif,/Common/line1.png
R,/Civ37Html/line1.gif,/Common/line1.png
R,/Civ38Html/line1.gif,/Common/line1.png
R,/CivBHtml/line1.gif,/Common/line1.png
R,/CivHtml/line1.gif,/Common/line1.png
R,/CLHtml/Line1.gif,/Common/line1.png
C,/Civ41Html/line1.png,/Common/line1.png
C,/CHtml/line1s.gif,/Common/line1s.gif
C,/CHtml/line2.gif,/Common/line2.gif
C,/CHtml/line3.gif,/Common/line3.gif
C,/CHtml/linev.gif,/Common/linev.gif
C,/CHtml/linevs.gif,/Common/linevs.gif
C,/CHtml/linevss.gif,/Common/linevss.gif
R,/Civ34BHtml/M.gif,/Common/M.png
R,/Civ34Html/M.gif,/Common/M.png
C,/Civ41Html/M.png,/Common/M.png
C,/Civ41Html/main_button.png,/Common/main_button_Civ41.png
C,/images/main_button.png,/Common/main_button.png
R,/CHtml/N.gif,/Common/N.png
R,/Civ34BHtml/N.gif,/Common/N.png
R,/Civ34Html/N.gif,/Common/N.png
R,/Civ37Html/N.gif,/Common/N.png
R,/Civ38Html/N.gif,/Common/N.png
R,/CivHtml/N.gif,/Common/N.png
R,/CLHtml/N.gif,/Common/N.png
C,/Civ41Html/N.png,/Common/N.png
C,/CHtml/note.gif,/Common/note.gif
C,/CHtml/notel.gif,/Common/notel.gif
R,/CHtml/Notice.gif,/Common/Notice.png
R,/Civ34BHtml/Notice.gif,/Common/Notice.png
R,/Civ34Html/Notice.gif,/Common/Notice.png
R,/Civ37Html/Notice.gif,/Common/Notice.png
R,/Civ38Html/Notice.gif,/Common/Notice.png
R,/CivBHtml/Notice.gif,/Common/Notice.png
R,/CivHtml/Notice.gif,/Common/Notice.png
R,/CLHtml/Notice.gif,/Common/Notice.png
C,/Civ41Html/Notice.png,/Common/Notice.png
R,/CHtml/Noticel.gif,/Common/Notice.png
C,/CHtml/Oil.gif,/Common/Oil.gif
C,/Civ34BHtml/Oil.gif,/Common/Oil.gif
C,/Civ34Html/Oil.gif,/Common/Oil.gif
R,/CHtml/P.gif,/Common/P.png
R,/Civ34BHtml/P.gif,/Common/P.png
R,/Civ34Html/P.gif,/Common/P.png
R,/Civ37Html/P.gif,/Common/P.png
R,/Civ38Html/P.gif,/Common/P.png
R,/CivHtml/P.gif,/Common/P.png
R,/CLHtml/P.gif,/Common/P.png
C,/Civ41Html/P.png,/Common/P.png
R,/Civ34Html/Print.gif,/Common/Print.png
R,/Civ38Html/Print.gif,/Common/Print.png
R,/CivHtml/Print.gif,/Common/Print.png
R,/CLHtml/Print.gif,/Common/Print.png
C,/Civ41Html/Print.png,/Common/Print.png
C,/images/Print.png,/Common/Print.png
R,/CHtml/R.gif,/Common/R.png
R,/Civ34BHtml/R.gif,/Common/R.png
R,/Civ34Html/R.gif,/Common/R.png
R,/Civ37Html/R.gif,/Common/R.png
R,/Civ38Html/R.gif,/Common/R.png
R,/CivHtml/R.gif,/Common/R.png
R,/CLHtml/R.gif,/Common/R.png
C,/Civ41Html/R.png,/Common/R.png
R,/CHtml/s.gif,/Common/S.png
R,/Civ34BHtml/S.gif,/Common/S.png
R,/Civ34Html/S.gif,/Common/S.png
R,/Civ37Html/S.gif,/Common/S.png
R,/Civ38Html/S.gif,/Common/S.png
R,/CivHtml/S.gif,/Common/S.png
R,/CLHtml/S.gif,/Common/S.png
C,/Civ41Html/S.png,/Common/S.png
C,/CHtml/s1.gif,/Common/s1.gif
C,/CHtml/s10.gif,/Common/s10.gif
C,/CHtml/s2.gif,/Common/s2.gif
C,/CHtml/s3.gif,/Common/s3.gif
C,/CHtml/s4.gif,/Common/s4.gif
C,/CHtml/s5.gif,/Common/s5.gif
C,/CHtml/s6.gif,/Common/s6.gif
C,/CHtml/s7.gif,/Common/s7.gif
C,/CHtml/s8.gif,/Common/s8.gif
C,/CHtml/s9.gif,/Common/s9.gif
C,/Civ41Html/search.png,/Common/search_Civ41.png
C,/images/search.png,/Common/search.png
C,/images/search_x.png,/Common/search_x.png
R,/CBHtml/sqr.gif,/Common/sqr.png
R,/CHtml/sqr.gif,/Common/sqr.png
R,/Civ34BHtml/sqr.gif,/Common/sqr.png
R,/Civ34Html/sqr.gif,/Common/sqr.png
R,/Civ37Html/sqr.gif,/Common/sqr.png
R,/Civ38Html/sqr.gif,/Common/sqr.png
R,/CivBHtml/sqr.gif,/Common/sqr.png
R,/CivHtml/sqr.gif,/Common/sqr.png
R,/CLHtml/sqr.gif,/Common/sqr.png
C,/Civ41Html/sqr.png,/Common/sqr.png
C,/CHtml/star1.gif,/Common/star1_C.gif
C,/CivBHtml/star1.gif,/Common/star1_CivB.gif
C,/CHtml/start.gif,/Common/start.gif
C,/CBHtml/topic.gif,/Common/topic_CB.gif
C,/CHtml/topic.gif,/Common/topic_C.gif
C,/Civ34BHtml/topic.gif,/Common/topic_Civ34B.gif
C,/Civ34Html/topic.gif,/Common/topic_Civ34.gif
C,/Civ37Html/topic.gif,/Common/topic_Civ37.gif
C,/Civ38Html/topic.gif,/Common/topic_Civ38.gif
C,/CivBHtml/topic.gif,/Common/topic_CivB.gif
C,/CivHtml/topic.gif,/Common/topic_Civ.gif
C,/CLHtml/topic.gif,/Common/topic_CL.gif
C,/CHtml/tri1.gif,/Common/tri1_C.gif
C,/Civ34BHtml/TRI1.gif,/Common/TRI1_Civ34B.gif
C,/Civ34Html/TRI1.gif,/Common/TRI1_Civ34.gif
C,/Civ38Html/TRI1.gif,/Common/TRI1_Civ38.gif
C,/CivHtml/TRI1.gif,/Common/TRI1_Civ.gif
C,/CLHtml/tri1.gif,/Common/tri1_CL.gif
C,/CHtml/tri2.gif,/Common/tri2_C.gif
C,/Civ34BHtml/TRI2.gif,/Common/TRI2_Civ34B.gif
C,/Civ34Html/TRI2.gif,/Common/TRI2_Civ34.gif
C,/Civ38Html/TRI2.gif,/Common/TRI2_Civ38.gif
C,/CivHtml/TRI2.gif,/Common/TRI2_Civ.gif
C,/CLHtml/tri2.gif,/Common/tri2_CL.gif
C,/CHtml/tri4.gif,/Common/tri4_C.gif
C,/Civ34BHtml/TRI4.gif,/Common/TRI4_Civ34B.gif
C,/Civ34Html/TRI4.gif,/Common/TRI4_Civ34.gif
C,/Civ38Html/TRI4.gif,/Common/TRI4_Civ38.gif
C,/CivHtml/TRI4.gif,/Common/TRI4_Civ.gif
C,/CHtml/tri5.gif,/Common/tri5.gif
R,/Civ34BHtml/TRI5.gif,/Common/TRI5.gif
R,/Civ34Html/TRI5.gif,/Common/TRI5.gif
R,/Civ38Html/TRI5.gif,/Common/TRI5.gif
R,/CivHtml/TRI5.gif,/Common/TRI5.gif
C,/Civ41Html/TRI5.png,/Common/tri5.png
C,/Civ41Html/uplevel.png,/Common/uplevel_Civ41.png
C,/images/uplevel.png,/Common/uplevel.png
C,/CHtml/Warning.gif,/Common/Warning.gif
C,/CHtml/Warningl.gif,/Common/Warningl.gif
C,/EB/wd.jpg,/Common/wd.jpg
C,/EB/x01_a.jpg,/Common/x01_a.jpg
C,/EB/x01_b.jpg,/Common/x01_b.jpg
C,/EB/x02_a.jpg,/Common/x02_a.jpg
C,/EB/x02_b.jpg,/Common/x02_b.jpg
C,/EB/x02_body.jpg,/Common/x02_body.jpg
C,/EB/x03_a.jpg,/Common/x03_a.jpg
C,/EB/x03_b.jpg,/Common/x03_b.jpg
C,/EB/x04.jpg,/Common/x04.jpg
C,/EB/x04_a.jpg,/Common/x04_a.jpg
C,/EB/x04_b.jpg,/Common/x04_b.jpg
C,/EB/x04_grey.jpg,/Common/x04_grey.jpg
C,/EB/x05_a.jpg,/Common/x05_a.jpg
C,/EB/x05_b.jpg,/Common/x05_b.jpg
C,/EB/x05_grey.jpg,/Common/x05_grey.jpg
C,/EB/x06_a.jpg,/Common/x06_a.jpg
C,/EB/x06_b.jpg,/Common/x06_b.jpg
C,/EB/x06_body.jpg,/Common/x06_body.jpg
C,/EB/x06_grey.jpg,/Common/x06_grey.jpg
C,/EB/x07_a.jpg,/Common/x07_a.jpg
C,/EB/x07_grey.jpg,/Common/x07_grey.jpg
C,/EB/x08_a.jpg,/Common/x08_a.jpg
C,/EB/x08_grey.jpg,/Common/x08_grey.jpg
C,/EB/x09_a.jpg,/Common/x09_a.jpg
C,/EB/x09_grey.jpg,/Common/x09_grey.jpg
C,/EB/x10_a.jpg,/Common/x10_a.jpg
C,/EB/x10_grey.jpg,/Common/x10_grey.jpg
C,/EB/x11_a.jpg,/Common/x11_a.jpg
C,/EB/x11_grey.jpg,/Common/x11_grey.jpg
C,/EB/x12_a.jpg,/Common/x12_a.jpg
C,/EB/x12_grey.jpg,/Common/x12_grey.jpg
C,/EB/x13_a.jpg,/Common/x13_a.jpg
C,/EB/x13_grey.jpg,/Common/x13_grey.jpg
C,/EB/x14_a.jpg,/Common/x14_a.jpg
C,/EB/x14_grey.jpg,/Common/x14_grey.jpg
C,/EB/x15_a.jpg,/Common/x15_a.jpg
C,/EB/x15_grey.jpg,/Common/x15_grey.jpg
C,/EB/x4_grey.jpg,/Common/x4_grey.jpg
C,/EB/xbutton9x.jpg,/Common/xbutton9x.jpg
C,/xcivic_3d_cars.jpg,/Common/xcivic_3d_cars.jpg
C,/xcivic_cars.jpg,/Common/xcivic_cars.jpg
C,/EB/xf245.jpg,/Common/xf245.jpg
C,/EB/xfront1.jpg,/Common/xfront1.jpg
C,/EB/xfront10.jpg,/Common/xfront10.jpg
C,/EB/xfront11.jpg,/Common/xfront11.jpg
C,/EB/xfront12.jpg,/Common/xfront12.jpg
C,/EB/xfront2.jpg,/Common/xfront2.jpg
C,/EB/xfront3.jpg,/Common/xfront3.jpg
C,/EB/xfront4.jpg,/Common/xfront4.jpg
C,/EB/xfront5.jpg,/Common/xfront5.jpg
C,/EB/xfront6.jpg,/Common/xfront6.jpg
C,/EB/xfront7.jpg,/Common/xfront7.jpg
C,/EB/xfront8.jpg,/Common/xfront8.jpg
C,/EB/xfront9.jpg,/Common/xfront9.jpg
C,/EB/xfrontx.jpg,/Common/xfrontx.jpg
C,/EB/xgrey_button.jpg,/Common/xgrey_button.jpg
C,/xHonda_logo.jpg,/Common/xHonda_logo.jpg
C,/EB/xintro.jpg,/Common/xintro.jpg
C,/EB/xwd.jpg,/Common/xwd.jpg
C,/Civ41Html/Zoom.png,/Common/Zoom_Civ41.png
C,/images/Zoom.png,/Common/Zoom.png
